{
  "best_model": "Logistic Regression",
  "test_accuracy": 0.33,
  "test_f1_macro": 0.36744557811762113,
  "cv_results": {
    "Logistic Regression": {
      "cv_f1_mean": 0.42720347030020617,
      "cv_f1_std": 0.03998853227828146
    },
    "Random Forest": {
      "cv_f1_mean": 0.417770986989168,
      "cv_f1_std": 0.017350525943790624
    },
    "XGBoost": {
      "cv_f1_mean": 0.42467638258772683,
      "cv_f1_std": 0.018954326770702763
    }
  },
  "classification_report": {
    "AAA": {
      "precision": 0.8888888888888888,
      "recall": 0.8888888888888888,
      "f1-score": 0.8888888888888888,
      "support": 9.0
    },
    "AA+": {
      "precision": 0.26666666666666666,
      "recall": 0.4,
      "f1-score": 0.32,
      "support": 10.0
    },
    "AA": {
      "precision": 0.5,
      "recall": 0.3157894736842105,
      "f1-score": 0.3870967741935484,
      "support": 19.0
    },
    "AA-": {
      "precision": 0.09090909090909091,
      "recall": 0.1111111111111111,
      "f1-score": 0.1,
      "support": 9.0
    },
    "A+": {
      "precision": 0.125,
      "recall": 0.125,
      "f1-score": 0.125,
      "support": 16.0
    },
    "A": {
      "precision": 0.125,
      "recall": 0.11764705882352941,
      "f1-score": 0.12121212121212122,
      "support": 17.0
    },
    "A-": {
      "precision": 0.25,
      "recall": 0.25,
      "f1-score": 0.25,
      "support": 16.0
    },
    "BBB+": {
      "precision": 0.35714285714285715,
      "recall": 0.3125,
      "f1-score": 0.3333333333333333,
      "support": 16.0
    },
    "BBB": {
      "precision": 0.3684210526315789,
      "recall": 0.4117647058823529,
      "f1-score": 0.3888888888888889,
      "support": 17.0
    },
    "BBB-": {
      "precision": 0.21428571428571427,
      "recall": 0.25,
      "f1-score": 0.23076923076923078,
      "support": 12.0
    },
    "BB+": {
      "precision": 0.2727272727272727,
      "recall": 0.3,
      "f1-score": 0.2857142857142857,
      "support": 10.0
    },
    "BB": {
      "precision": 0.5,
      "recall": 0.4166666666666667,
      "f1-score": 0.45454545454545453,
      "support": 12.0
    },
    "BB-": {
      "precision": 0.42857142857142855,
      "recall": 0.42857142857142855,
      "f1-score": 0.42857142857142855,
      "support": 7.0
    },
    "B+": {
      "precision": 0.25,
      "recall": 0.375,
      "f1-score": 0.3,
      "support": 8.0
    },
    "B": {
      "precision": 0.0,
      "recall": 0.0,
      "f1-score": 0.0,
      "support": 7.0
    },
    "B-": {
      "precision": 0.0,
      "recall": 0.0,
      "f1-score": 0.0,
      "support": 5.0
    },
    "C": {
      "precision": 1.0,
      "recall": 1.0,
      "f1-score": 1.0,
      "support": 5.0
    },
    "D": {
      "precision": 1.0,
      "recall": 1.0,
      "f1-score": 1.0,
      "support": 5.0
    },
    "accuracy": 0.33,
    "macro avg": {
      "precision": 0.3687562762124166,
      "recall": 0.3723855185348993,
      "f1-score": 0.36744557811762113,
      "support": 200.0
    },
    "weighted avg": {
      "precision": 0.3369299669628617,
      "recall": 0.33,
      "f1-score": 0.329704041478235,
      "support": 200.0
    }
  },
  "confusion_matrix": [
    [
      8,
      0,
      0,
      1,
      0,
      0,
      0,
      0,
      0,
      0,
      0,
      0,
      0,
      0,
      0,
      0,
      0,
      0
    ],
    [
      0,
      4,
      2,
      3,
      1,
      0,
      0,
      0,
      0,
      0,
      0,
      0,
      0,
      0,
      0,
      0,
      0,
      0
    ],
    [
      1,
      7,
      6,
      4,
      0,
      1,
      0,
      0,
      0,
      0,
      0,
      0,
      0,
      0,
      0,
      0,
      0,
      0
    ],
    [
      0,
      4,
      4,
      1,
      0,
      0,
      0,
      0,
      0,
      0,
      0,
      0,
      0,
      0,
      0,
      0,
      0,
      0
    ],
    [
      0,
      0,
      0,
      0,
      2,
      9,
      5,
      0,
      0,
      0,
      0,
      0,
      0,
      0,
      0,
      0,
      0,
      0
    ],
    [
      0,
      0,
      0,
      2,
      5,
      2,
      7,
      1,
      0,
      0,
      0,
      0,
      0,
      0,
      0,
      0,
      0,
      0
    ],
    [
      0,
      0,
      0,
      0,
      8,
      4,
      4,
      0,
      0,
      0,
      0,
      0,
      0,
      0,
      0,
      0,
      0,
      0
    ],
    [
      0,
      0,
      0,
      0,
      0,
      0,
      0,
      5,
      6,
      5,
      0,
      0,
      0,
      0,
      0,
      0,
      0,
      0
    ],
    [
      0,
      0,
      0,
      0,
      0,
      0,
      0,
      5,
      7,
      5,
      0,
      0,
      0,
      0,
      0,
      0,
      0,
      0
    ],
    [
      0,
      0,
      0,
      0,
      0,
      0,
      0,
      3,
      6,
      3,
      0,
      0,
      0,
      0,
      0,
      0,
      0,
      0
    ],
    [
      0,
      0,
      0,
      0,
      0,
      0,
      0,
      0,
      0,
      0,
      3,
      5,
      2,
      0,
      0,
      0,
      0,
      0
    ],
    [
      0,
      0,
      0,
      0,
      0,
      0,
      0,
      0,
      0,
      1,
      4,
      5,
      1,
      0,
      0,
      1,
      0,
      0
    ],
    [
      0,
      0,
      0,
      0,
      0,
      0,
      0,
      0,
      0,
      0,
      4,
      0,
      3,
      0,
      0,
      0,
      0,
      0
    ],
    [
      0,
      0,
      0,
      0,
      0,
      0,
      0,
      0,
      0,
      0,
      0,
      0,
      0,
      3,
      5,
      0,
      0,
      0
    ],
    [
      0,
      0,
      0,
      0,
      0,
      0,
      0,
      0,
      0,
      0,
      0,
      0,
      0,
      6,
      0,
      1,
      0,
      0
    ],
    [
      0,
      0,
      0,
      0,
      0,
      0,
      0,
      0,
      0,
      0,
      0,
      0,
      1,
      3,
      1,
      0,
      0,
      0
    ],
    [
      0,
      0,
      0,
      0,
      0,
      0,
      0,
      0,
      0,
      0,
      0,
      0,
      0,
      0,
      0,
      0,
      5,
      0
    ],
    [
      0,
      0,
      0,
      0,
      0,
      0,
      0,
      0,
      0,
      0,
      0,
      0,
      0,
      0,
      0,
      0,
      0,
      5
    ]
  ],
  "class_labels": [
    "AAA",
    "AA+",
    "AA",
    "AA-",
    "A+",
    "A",
    "A-",
    "BBB+",
    "BBB",
    "BBB-",
    "BB+",
    "BB",
    "BB-",
    "B+",
    "B",
    "B-",
    "C",
    "D"
  ],
  "feature_importance": {
    "sector": 0.14791138129662645,
    "revenue": 0.6929130386187152,
    "ebitda": 0.6534650262041987,
    "ebitda_margin": 0.8339748387618208,
    "net_profit_margin": 0.8791914214816001,
    "debt_to_equity": 0.8148067604395486,
    "interest_coverage": 0.8736464965154872,
    "current_ratio": 0.8313562571212516,
    "quick_ratio": 0.7614918212676043,
    "roa": 1.010846128289039,
    "roe": 0.8758248820605775,
    "operating_cash_flow": 0.6431862791504895,
    "total_debt": 0.24166098040476447,
    "dscr": 0.8658363374456748,
    "promoter_holding": 0.36996751146535173,
    "company_age": 0.6271145898860472,
    "market_cap": 0.6070897703867626,
    "external_macro_risk_flag": 0.21287313638170938,
    "qualitative_risk_score": 1.0739645378374088
  }
}